Title,Description,Category,Location,Timestamp,Latitude,Longitude
"Breaking: New York Market Soars","The stock market in New York sees unprecedented gains amid investor optimism.","Business","New York, USA","2025-03-15 09:00:00",40.7128,-74.0060
"Update: Political Rally in New York","A massive political rally held in New York attracts thousands of voters.","Politics","New York, USA","2025-03-15 09:15:00",40.7128,-74.0060
"Exclusive: New Tech Startup in New York","A new tech startup in New York is revolutionizing the industry with innovative solutions.","Technology","New York, USA","2025-03-15 09:30:00",40.7128,-74.0060
"Sports: New York Marathon Set to Begin","Preparations are underway for the annual New York Marathon, expected to attract international runners.","Sports","New York, USA","2025-03-15 09:45:00",40.7128,-74.0060
"Health: New York Hospital Launches New Program","A leading hospital in New York introduces a groundbreaking health initiative.","Health","New York, USA","2025-03-15 10:00:00",40.7128,-74.0060
"Breaking: London Market Experiences Surge","London's financial district witnesses a surge in market activity amid global trends.","Business","London, UK","2025-03-15 10:15:00",51.5074,-0.1278
"Update: Political Debate in London","A heated political debate in London raises key issues ahead of elections.","Politics","London, UK","2025-03-15 10:30:00",51.5074,-0.1278
"Exclusive: London Tech Conference Announced","A major tech conference in London is set to showcase emerging innovations.","Technology","London, UK","2025-03-15 10:45:00",51.5074,-0.1278
"Sports: London Football Final Approaches","Fans in London gear up for the thrilling football final scheduled for this weekend.","Sports","London, UK","2025-03-15 11:00:00",51.5074,-0.1278
"Health: London Medical Breakthrough","Doctors in London report a breakthrough in treatment that could save lives.","Health","London, UK","2025-03-15 11:15:00",51.5074,-0.1278
"Breaking: Tokyo Business Summit Opens","Top business leaders gather in Tokyo for a high-profile summit.","Business","Tokyo, Japan","2025-03-15 11:30:00",35.6895,139.6917
"Update: Tokyo Elections Stir Debate","Political tensions rise in Tokyo as local elections draw near.","Politics","Tokyo, Japan","2025-03-15 11:45:00",35.6895,139.6917
"Exclusive: Innovative Tech Unveiled in Tokyo","A groundbreaking technological innovation is revealed at a Tokyo expo.","Technology","Tokyo, Japan","2025-03-15 12:00:00",35.6895,139.6917
"Sports: Tokyo Olympics Preps Underway","Preparations for the next Olympic Games in Tokyo are in full swing.","Sports","Tokyo, Japan","2025-03-15 12:15:00",35.6895,139.6917
"Health: Tokyo Research Institute Discovers New Treatment","Researchers in Tokyo announce promising results in a new treatment study.","Health","Tokyo, Japan","2025-03-15 12:30:00",35.6895,139.6917
"Breaking: Paris Fashion Week Kicks Off","Paris hosts its annual fashion week with a dazzling array of designer shows.","Entertainment","Paris, France","2025-03-15 12:45:00",48.8566,2.3522
"Update: Political Protests in Paris","Protesters in Paris rally against government policies in a major demonstration.","Politics","Paris, France","2025-03-15 13:00:00",48.8566,2.3522
"Exclusive: Paris Tech Startup Makes Waves","A Paris-based tech startup is gaining international attention for its innovations.","Technology","Paris, France","2025-03-15 13:15:00",48.8566,2.3522
"Sports: Paris Marathon Draws Runners Worldwide","The annual Paris Marathon is set to welcome runners from around the globe.","Sports","Paris, France","2025-03-15 13:30:00",48.8566,2.3522
"Health: Paris Hospitals Adopt New AI Systems","Hospitals in Paris are integrating AI to improve patient care and diagnostics.","Health","Paris, France","2025-03-15 13:45:00",48.8566,2.3522
"Breaking: Berlin Financial Hub Thrives","Berlin's financial sector sees rapid growth with new investments flowing in.","Business","Berlin, Germany","2025-03-15 14:00:00",52.5200,13.4050
"Update: Berlin Political Forum Held","A forum in Berlin addresses pressing political issues facing the nation.","Politics","Berlin, Germany","2025-03-15 14:15:00",52.5200,13.4050
"Exclusive: Berlin Tech Innovations Spotlighted","Berlin hosts a tech fair showcasing the latest in innovative technology.","Technology","Berlin, Germany","2025-03-15 14:30:00",52.5200,13.4050
"Sports: Berlin Basketball Championship Begins","The Berlin Basketball Championship starts today with teams from across Europe.","Sports","Berlin, Germany","2025-03-15 14:45:00",52.5200,13.4050
"Health: Berlin Research Centers Report Advances","Medical research centers in Berlin report significant advancements in health sciences.","Health","Berlin, Germany","2025-03-15 15:00:00",52.5200,13.4050
"Breaking: Sydney Business Expo Opens","Sydney's business expo attracts investors and innovators from around the world.","Business","Sydney, Australia","2025-03-15 15:15:00",-33.8688,151.2093
"Update: Sydney Political Rally Draws Crowd","A major political rally in Sydney sees participation from thousands.","Politics","Sydney, Australia","2025-03-15 15:30:00",-33.8688,151.2093
"Exclusive: Sydney Startup Scene Booms","Sydney's startup ecosystem is booming with new tech ventures emerging.","Technology","Sydney, Australia","2025-03-15 15:45:00",-33.8688,151.2093
"Sports: Sydney Cricket Match Highlights","A thrilling cricket match in Sydney captivates fans and sports enthusiasts.","Sports","Sydney, Australia","2025-03-15 16:00:00",-33.8688,151.2093
"Health: Sydney Health Summit Concludes","Sydney hosts a health summit focusing on innovations in medical technology.","Health","Sydney, Australia","2025-03-15 16:15:00",-33.8688,151.2093
"Breaking: Toronto Economic Forum Held","Toronto hosts an economic forum with leaders discussing global trends.","Business","Toronto, Canada","2025-03-15 16:30:00",43.6511,-79.3470
"Update: Toronto Political Discussion Sparks Debate","A lively political discussion takes place in Toronto amidst growing public interest.","Politics","Toronto, Canada","2025-03-15 16:45:00",43.6511,-79.3470
"Exclusive: Toronto Tech Innovations Unveiled","A Toronto tech conference highlights emerging innovations in the industry.","Technology","Toronto, Canada","2025-03-15 17:00:00",43.6511,-79.3470
"Sports: Toronto Hockey Game Thrills Fans","Toronto's hockey game draws excitement as teams battle it out on the ice.","Sports","Toronto, Canada","2025-03-15 17:15:00",43.6511,-79.3470
"Health: Toronto Medical Breakthrough Announced","Toronto researchers announce a breakthrough in cancer treatment.","Health","Toronto, Canada","2025-03-15 17:30:00",43.6511,-79.3470
"Breaking: Moscow Stock Market Update","Moscow's stock market experiences volatility amid global economic shifts.","Business","Moscow, Russia","2025-03-15 17:45:00",55.7558,37.6173
"Update: Moscow Political Summit Convenes","A political summit in Moscow addresses key issues impacting the region.","Politics","Moscow, Russia","2025-03-15 18:00:00",55.7558,37.6173
"Exclusive: Moscow Tech Innovations on Display","Moscow showcases its growing tech industry at an international expo.","Technology","Moscow, Russia","2025-03-15 18:15:00",55.7558,37.6173
"Sports: Moscow Ice Hockey Tournament Begins","The Moscow Ice Hockey Tournament kicks off with international teams competing.","Sports","Moscow, Russia","2025-03-15 18:30:00",55.7558,37.6173
"Health: Moscow Health Services Launch New Initiative","Moscow launches a new public health initiative aimed at improving care.","Health","Moscow, Russia","2025-03-15 18:45:00",55.7558,37.6173
"Breaking: Mumbai Business Expansion Report","Mumbai sees a surge in business expansions with multiple sectors growing.","Business","Mumbai, India","2025-03-15 19:00:00",19.0760,72.8777
"Update: Mumbai Political Climate Shifts","Political dynamics in Mumbai shift as new parties emerge.","Politics","Mumbai, India","2025-03-15 19:15:00",19.0760,72.8777
"Exclusive: Mumbai Tech Hub Rising","Mumbai's emerging tech hub gains attention from global investors.","Technology","Mumbai, India","2025-03-15 19:30:00",19.0760,72.8777
"Sports: Mumbai Cricket League Finals","The finals of the Mumbai Cricket League promise an exciting showdown.","Sports","Mumbai, India","2025-03-15 19:45:00",19.0760,72.8777
"Health: Mumbai Public Health Initiative Launched","Mumbai's health authorities launch an initiative to combat air pollution.","Health","Mumbai, India","2025-03-15 20:00:00",19.0760,72.8777
"Breaking: Rio de Janeiro Economic Summit","Rio de Janeiro hosts an economic summit with global industry leaders.","Business","Rio de Janeiro, Brazil","2025-03-15 20:15:00",-22.9068,-43.1729
"Update: Rio de Janeiro Political Debate","Intense political debates erupt in Rio de Janeiro over new policies.","Politics","Rio de Janeiro, Brazil","2025-03-15 20:30:00",-22.9068,-43.1729
"Exclusive: Rio de Janeiro Carnival Innovations","New technological innovations are set to transform the Rio Carnival experience.","Entertainment","Rio de Janeiro, Brazil","2025-03-15 20:45:00",-22.9068,-43.1729
"Sports: Rio de Janeiro Football Derby","A highly anticipated football derby electrifies fans in Rio de Janeiro.","Sports","Rio de Janeiro, Brazil","2025-03-15 21:00:00",-22.9068,-43.1729
"Health: Rio de Janeiro Health Fair Opens","A major health fair in Rio de Janeiro promotes wellness and preventive care.","Health","Rio de Janeiro, Brazil","2025-03-15 21:15:00",-22.9068,-43.1729
"Breaking: Beijing Economic Forum in Session","Beijing hosts an economic forum to discuss the future of global trade.","Business","Beijing, China","2025-03-15 21:30:00",39.9042,116.4074
"Update: Beijing Political Strategies Discussed","Key political strategies were discussed during a recent forum in Beijing.","Politics","Beijing, China","2025-03-15 21:45:00",39.9042,116.4074
"Exclusive: Beijing Tech Expo Unveils New Gadgets","Innovative gadgets are unveiled at Beijing's annual tech expo.","Technology","Beijing, China","2025-03-15 22:00:00",39.9042,116.4074
"Sports: Beijing Table Tennis Tournament","A competitive table tennis tournament kicks off in Beijing.","Sports","Beijing, China","2025-03-15 22:15:00",39.9042,116.4074
"Health: Beijing Public Health Campaign Launched","Beijing initiates a public health campaign focused on environmental issues.","Health","Beijing, China","2025-03-15 22:30:00",39.9042,116.4074
"Breaking: Dubai Business Conference Commences","Dubai hosts a major business conference attracting global investors.","Business","Dubai, UAE","2025-03-15 22:45:00",25.2048,55.2708
"Update: Dubai Political Forum Held","A forum in Dubai addresses regional political challenges.","Politics","Dubai, UAE","2025-03-15 23:00:00",25.2048,55.2708
"Exclusive: Dubai Smart City Innovations","Dubai showcases its smart city innovations at a high-tech expo.","Technology","Dubai, UAE","2025-03-15 23:15:00",25.2048,55.2708
"Sports: Dubai Tennis Championship Begins","The Dubai Tennis Championship draws top players from around the world.","Sports","Dubai, UAE","2025-03-15 23:30:00",25.2048,55.2708
"Health: Dubai Healthcare Summit Highlights Advances","A healthcare summit in Dubai highlights significant advances in medical technology.","Health","Dubai, UAE","2025-03-15 23:45:00",25.2048,55.2708
"Breaking: Johannesburg Economic Outlook Brightens","Johannesburg sees improved economic prospects as investments increase.","Business","Johannesburg, South Africa","2025-03-16 00:00:00",-26.2041,28.0473
"Update: Johannesburg Political Meeting Held","Political figures in Johannesburg convene to discuss key policy changes.","Politics","Johannesburg, South Africa","2025-03-16 00:15:00",-26.2041,28.0473
"Exclusive: Johannesburg Tech Startups Emerge","A surge in tech startups in Johannesburg is attracting attention.","Technology","Johannesburg, South Africa","2025-03-16 00:30:00",-26.2041,28.0473
"Sports: Johannesburg Soccer Match Draws Fans","A local soccer match in Johannesburg captivates the city's sports fans.","Sports","Johannesburg, South Africa","2025-03-16 00:45:00",-26.2041,28.0473
"Health: Johannesburg Health Initiative Launched","New health initiatives in Johannesburg aim to improve public well-being.","Health","Johannesburg, South Africa","2025-03-16 01:00:00",-26.2041,28.0473
"Breaking: Rome Economic Forum Underway","Rome hosts an economic forum to discuss market trends.","Business","Rome, Italy","2025-03-16 01:15:00",41.9028,12.4964
"Update: Rome Political Discourse Intensifies","Political discourse in Rome intensifies amid upcoming elections.","Politics","Rome, Italy","2025-03-16 01:30:00",41.9028,12.4964
"Exclusive: Rome Tech Innovations Spotlight","A new tech innovation from Rome is making headlines in the industry.","Technology","Rome, Italy","2025-03-16 01:45:00",41.9028,12.4964
"Sports: Rome Football Derby Excites Fans","The Rome football derby draws significant attention from sports enthusiasts.","Sports","Rome, Italy","2025-03-16 02:00:00",41.9028,12.4964
"Health: Rome Health Conference Announces Findings","Experts at a health conference in Rome reveal new research findings.","Health","Rome, Italy","2025-03-16 02:15:00",41.9028,12.4964
"Breaking: Madrid Business Talks Success","Madrid sees a surge in business talks as industries collaborate on new ventures.","Business","Madrid, Spain","2025-03-16 02:30:00",40.4168,-3.7038
"Update: Madrid Political Rally in Action","Political rallies in Madrid demonstrate vibrant civic participation.","Politics","Madrid, Spain","2025-03-16 02:45:00",40.4168,-3.7038
"Exclusive: Madrid Tech Fair Showcases Innovations","Madrid hosts a tech fair that showcases cutting-edge innovations in technology.","Technology","Madrid, Spain","2025-03-16 03:00:00",40.4168,-3.7038
"Sports: Madrid Basketball Tournament Begins","A major basketball tournament kicks off in Madrid, attracting top teams.","Sports","Madrid, Spain","2025-03-16 03:15:00",40.4168,-3.7038
"Health: Madrid Hospitals Implement New Systems","Hospitals in Madrid implement new technologies to improve patient care.","Health","Madrid, Spain","2025-03-16 03:30:00",40.4168,-3.7038
"Breaking: Mexico City Investment Summit","Mexico City hosts an investment summit with global business leaders.","Business","Mexico City, Mexico","2025-03-16 03:45:00",19.4326,-99.1332
"Update: Mexico City Political Developments","Political developments in Mexico City signal potential reforms.","Politics","Mexico City, Mexico","2025-03-16 04:00:00",19.4326,-99.1332
"Exclusive: Mexico City Tech Growth","A new tech growth initiative in Mexico City is attracting international investors.","Technology","Mexico City, Mexico","2025-03-16 04:15:00",19.4326,-99.1332
"Sports: Mexico City Baseball Game Thrills","A thrilling baseball game in Mexico City excites local fans.","Sports","Mexico City, Mexico","2025-03-16 04:30:00",19.4326,-99.1332
"Health: Mexico City Public Health Measures","Authorities in Mexico City implement new public health measures amid concerns.","Health","Mexico City, Mexico","2025-03-16 04:45:00",19.4326,-99.1332
"Breaking: Istanbul Business Expansion","Istanbul sees significant business expansion with new markets opening.","Business","Istanbul, Turkey","2025-03-16 05:00:00",41.0082,28.9784
"Update: Istanbul Political Roundtable","A political roundtable in Istanbul addresses pressing local issues.","Politics","Istanbul, Turkey","2025-03-16 05:15:00",41.0082,28.9784
"Exclusive: Istanbul Tech Innovations","Istanbul emerges as a tech hub with innovative startups gaining momentum.","Technology","Istanbul, Turkey","2025-03-16 05:30:00",41.0082,28.9784
"Sports: Istanbul Soccer Derby","A passionate soccer derby in Istanbul electrifies fans across the city.","Sports","Istanbul, Turkey","2025-03-16 05:45:00",41.0082,28.9784
"Health: Istanbul Health Reform Announced","New health reforms in Istanbul aim to improve public healthcare services.","Health","Istanbul, Turkey","2025-03-16 06:00:00",41.0082,28.9784
"Breaking: Singapore Economic Outlook","Singapore's economic outlook remains strong as global markets stabilize.","Business","Singapore, Singapore","2025-03-16 06:15:00",1.3521,103.8198
"Update: Singapore Political Discussions","Political discussions in Singapore focus on future growth and reforms.","Politics","Singapore, Singapore","2025-03-16 06:30:00",1.3521,103.8198
"Exclusive: Singapore Tech Innovations","Singapore unveils a series of tech innovations at a major expo.","Technology","Singapore, Singapore","2025-03-16 06:45:00",1.3521,103.8198
"Sports: Singapore Open Tennis Tournament","The Singapore Open tennis tournament draws international competitors.","Sports","Singapore, Singapore","2025-03-16 07:00:00",1.3521,103.8198
"Health: Singapore Medical Research Advances","Singaporean researchers announce significant advances in medical research.","Health","Singapore, Singapore","2025-03-16 07:15:00",1.3521,103.8198
"Breaking: Seoul Business Growth Soars","Seoul's business sector experiences rapid growth amid new investments.","Business","Seoul, South Korea","2025-03-16 07:30:00",37.5665,126.9780
"Update: Seoul Political Climate Shifts","Political climate in Seoul shifts as new policies come into effect.","Politics","Seoul, South Korea","2025-03-16 07:45:00",37.5665,126.9780
"Exclusive: Seoul Tech Expo Highlights","Seoul hosts a tech expo showcasing the latest industry innovations.","Technology","Seoul, South Korea","2025-03-16 08:00:00",37.5665,126.9780
"Sports: Seoul Baseball League Finals","The Seoul Baseball League finals captivate fans with high-stakes competition.","Sports","Seoul, South Korea","2025-03-16 08:15:00",37.5665,126.9780
"Health: Seoul Health Initiative Launched","Seoul launches a new initiative aimed at improving community health.","Health","Seoul, South Korea","2025-03-16 08:30:00",37.5665,126.9780
"Breaking: Cairo Economic Conference","Cairo hosts an economic conference with leaders discussing global trends.","Business","Cairo, Egypt","2025-03-16 08:45:00",30.0444,31.2357
"Update: Cairo Political Summit","Political leaders in Cairo convene for a summit on regional issues.","Politics","Cairo, Egypt","2025-03-16 09:00:00",30.0444,31.2357
"Exclusive: Cairo Tech Innovations Emerge","Cairo becomes a hub for tech innovation with emerging startups.","Technology","Cairo, Egypt","2025-03-16 09:15:00",30.0444,31.2357
"Sports: Cairo Soccer Match Excites Fans","A thrilling soccer match in Cairo attracts fans from across the region.","Sports","Cairo, Egypt","2025-03-16 09:30:00",30.0444,31.2357
"Health: Cairo Public Health Campaign","Cairo launches a public health campaign to combat widespread issues.","Health","Cairo, Egypt","2025-03-16 09:45:00",30.0444,31.2357
